Date,Cleveland,Miami,NYC,SF
195001,35,73.6,41,44
195002,27.7,70.5,30.8,49
195003,31.5,72.2,35.8,50.6
195004,41.6,71.4,48.1,54.3
195005,59.7,79.5,58.5,55.7
195006,67.3,83,70.2,58.7
195007,70.2,82.7,74.9,61.7
195008,69.4,82.9,72.9,62.2
195009,63.4,82.3,64.2,63.7
195010,56.1,80,59.4,60.5
195011,35.7,69.9,47.4,59.3
195012,23.6,65.9,34.4,53.3
195101,28.1,65.7,35.7,48.3
195102,28.4,65.7,36,49.9
195103,36.6,71,41,51.4
195104,45.5,74.6,52.7,51.9
195105,59.9,79,63.1,58
195106,68.2,82.4,69.8,58.9
195107,72.8,83.1,76.7,58.8
195108,69.2,84.9,74.3,61.3
195109,61.9,84.5,67.8,61.9
195110,56.3,79.2,58.1,59.8
195111,33.9,71.8,42.6,53.7
195112,28.9,73.2,38.3,48.3
195201,30.3,69.7,35.5,46.8
195202,30.6,68.6,35.4,51.2
195203,35.2,74.6,39.6,50.8
195204,48.8,73.6,54.6,54.6
195205,57,79.7,60.5,56.8
195206,72.4,83.8,73.5,57.8
195207,75.7,84.3,80.2,62.3
195208,70.9,84.1,74.7,60.2
195209,64.5,83.7,69.5,62.7
195210,47.7,78.9,55.1,58.7
195211,42.3,73.7,47.6,51.5
195212,33.4,66.9,37.9,50.2
195301,31.7,67.7,36.9,52.8
195302,32.1,71.3,37.7,49.9
195303,38.5,74.8,42.8,50.7
195304,44.2,76.4,52,52.2
195305,60.9,81.3,63.2,55.5
195306,70.6,82.2,73.5,58.6
195307,73.6,83.4,77.7,60.1
195308,72.4,84.3,75.6,62
195309,64.5,82.8,70,64
195310,55.8,76.7,60.1,58.4
195311,43.4,72.8,48.7,54.8
195312,32.6,69.8,40.8,50.9
195401,26.6,69.2,30.1,49.2
195402,34.7,68.1,39.4,50.9
195403,33.6,69.6,41,49.5
195404,53.3,77.3,53.4,56.4
195405,56.4,80,59.6,56.7
195406,71.3,82.1,71.5,58.8
195407,72.3,83.8,76.6,61.8
195408,70.1,85.7,72.5,61.1
195409,66.8,83.3,67,61.7
195410,54.6,77.9,61.1,59.1
195411,40.8,71.2,45.4,53
195412,30.6,64.5,35.4,47.4
195501,25.1,65,30.2,44.5
195502,29.3,67.8,34.2,48.6
195503,37,71.5,41.1,52.3
195504,54.6,76.2,53.2,51.8
195505,61.8,78.8,65.2,57.3
195506,67,81.2,68.8,59.3
195507,78.4,81.9,80.8,59.3
195508,75,84,77.9,59.7
195509,66.1,83,67.4,61.1
195510,53.6,77.8,59.2,59.1
195511,37.2,73,43.3,53.5
195512,27.2,69.7,29.2,51.5
195601,26,62.8,31.3,49.6
195602,30.1,71.2,35.8,47.4
195603,34.7,70.4,36.8,51
195604,44.9,74.6,47.9,53.5
195605,57.2,80.1,58.4,57.8
195606,68.1,81.7,71.4,60.8
195607,71.3,83.6,72.8,61.2
195608,70.8,84.6,74,61.7
195609,60.4,81.5,64.4,63.2
195610,57.5,78.9,57.5,57.6
195611,41.2,70.2,45.7,53.9
195612,36.9,69.7,40.4,48
195701,21.5,70.1,27.8,45.2
195702,31.8,73.5,36.5,52.3
195703,36.8,71.3,41.4,53
195704,49.7,77.5,52.9,56.1
195705,58.5,80,62.9,58.1
195706,69.7,82.8,74.2,63.1
195707,71.7,83.3,77.6,63.7
195708,69.4,83.2,73.3,62.2
195709,64.2,83,69.3,64.9
195710,50.6,77.8,55.6,60.5
195711,41.4,76,48.4,53.2
195712,34.9,66.5,39.7,48.9
195801,26.6,62.1,31.2,49.6
195802,22,60.2,26.6,54.9
195803,34.2,70.6,39.7,49.9
195804,50.3,75.8,52.6,56
195805,58.2,78.7,58.9,59.7
195806,63.8,83.3,67.1,62.4
195807,73,84,76,62.1
195808,69.5,85,74.9,64.3
195809,64.1,84,67.2,66.8
195810,53.9,78.6,54.9,60.9
195811,43,77.7,47,55.6
195812,22.1,69.9,28.8,53.6
195901,22.5,67.2,30.5,51.6
195902,27.8,75.8,31.3,50.4
195903,35.3,72,39.5,55.5
195904,48.8,76.3,53.4,57.5
195905,63.7,79.3,66.1,57.4
195906,69.4,81.9,71.1,60.7
195907,72.9,82.2,76.2,62.7
195908,75.3,82.5,77.3,64.2
195909,68.2,82.2,71.9,62.9
195910,53.1,81.8,59.2,63.4
195911,37.6,74.9,44.8,55.1
195912,34.8,68.1,37.8,49.8
196001,29.8,67.4,33.2,48.5
196002,28.3,68.3,35.5,51.2
196003,24.2,68.3,32.8,54.6
196004,51.5,75.2,53.7,55.8
196005,57.7,77.9,62.4,56.5
196006,66.7,82.2,71.8,64.1
196007,68.7,84.8,74.5,61.8
196008,70.4,84.3,74.7,61.1
196009,65.7,82.8,67.6,60.8
196010,51.3,80.4,57.5,59.2
196011,42.5,75.3,48.7,52.4
196012,23.2,66,30.4,48.4
196101,21.6,65.2,27,46.7
196102,31.9,70,35.9,52.8
196103,40.2,74,41,51.9
196104,44,74.9,48.7,55.9
196105,55.1,78.9,59.6,55.2
196106,65.9,82.2,72.3,62.7
196107,72.4,84.6,78,63.5
196108,71.5,84.4,76.2,63.9
196109,69.2,83.1,73.1,63.6
196110,57.1,78.5,60.5,60
196111,42.5,74.5,47.8,52.2
196112,30,69.6,35,46.5
196201,23.8,68.6,31.9,46.5
196202,26.3,72,31.1,49.4
196203,34.1,70.7,42.5,49.8
196204,47.9,74.1,53,55.2
196205,65.8,78.2,64.2,56.2
196206,68.8,81.4,72.4,59.3
196207,70.4,84.6,73.9,59.7
196208,70.8,84.1,72.2,63.1
196209,62.7,82.3,64.6,60.3
196210,54.8,78.7,56.8,58.9
196211,42.4,68.9,42.2,54.8
196212,26.2,64.4,31,48.9
196301,18.5,67.6,29.4,44.7
196302,18.3,66.4,27.5,55.3
196303,39.9,73.9,43.1,51.2
196304,49.5,75.7,53.4,52.2
196305,56.1,78.2,60.9,56.4
196306,69.2,82,70.9,58.2
196307,72.9,84.4,76.3,61.8
196308,67.9,84.2,71.8,63
196309,61.5,82.6,62.7,65.7
196310,60.2,77.3,61.2,61.5
196311,44.4,72.1,49.4,53.5
196312,22.8,64.2,30.6,45.5
196401,30.3,68,34.9,47.3
196402,26.3,66.3,32.1,50.2
196403,37.8,75.1,42.6,51.2
196404,49.9,78.2,49.4,53.4
196405,62.1,78.9,65.2,54.1
196406,69,82.5,71.6,61
196407,73.8,84.1,75.3,62.8
196408,68.7,84.9,72.7,64
196409,64.8,83.6,66.8,63.2
196410,50,78,54.4,60.6
196411,44.8,75.7,48.4,51.4
196412,34.1,72.9,35.9,51
196501,27.4,67.5,29,48.2
196502,28.1,71.5,33.1,50.1
196503,31.9,73.6,39.5,52
196504,45.8,77.7,50.3,54.2
196505,63.4,79.7,66.2,54.9
196506,67,82.1,70,58
196507,69.2,82.6,74.2,60
196508,68.9,83,72.9,63
196509,67.6,81.1,67.1,60.8
196510,51.5,79.2,56.7,62.3
196511,42.7,75.1,45.8,54.9
196512,37.5,70,40,44.6
196601,22.2,66.6,31.5,47.3
196602,26.8,69.4,34.3,48.5
196603,38,69.7,42.1,51.3
196604,46.4,73.9,49.4,57.5
196605,54.4,78.8,61.3,57
196606,69.1,79.6,75.3,61.1
196607,73,82.4,79.6,60.2
196608,69,82.9,76.6,62
196609,61.1,82.4,66.1,63.8
196610,50.5,79,55.5,60.1
196611,43.1,71,47.9,54.4
196612,30.7,67.3,35.2,48.7
196701,32.6,71.9,36.6,48.9
196702,26.1,69.5,28.4,51.1
196703,37.3,73.3,37,52.1
196704,49.9,75.8,49.2,50.6
196705,52.5,80.5,55,58.2
196706,71.9,81.2,72.7,59.1
196707,69.9,83.7,75.2,62.5
196708,69,83,73.6,62.5
196709,61.9,82.6,66.3,66.1
196710,54.2,77.3,56.6,63.2
196711,38.8,73,41.5,57.5
196712,34.9,72.4,37.6,47.8
196801,23.3,67.3,26,46.2
196802,23.2,63.7,28.1,54.2
196803,38.2,67.4,42.7,54.2
196804,50.1,76.9,54.6,54.6
196805,55,79.3,59.4,56
196806,67.1,80.8,69.7,61
196807,70.6,82.9,77.2,61.6
196808,72.4,83.5,75.8,64.9
196809,64.5,82.4,70.2,64.9
196810,52.7,78,59.9,60
196811,43,70.8,45.9,54
196812,30.6,67,33.7,47.6
196901,26.1,67.7,31.1,46.2
196902,28.5,65.4,31.9,48.7
196903,34.9,67,39.5,51.9
196904,50.1,77.4,55.6,53.8
196905,59.2,79.6,65,58.2
196906,66.1,82.7,73,60.2
196907,73,84.6,74.7,61.5
196908,72.4,83.7,77.2,62.5
196909,64.3,82.5,68.5,64.5
196910,52.5,80,57.1,60.9
196911,40.9,70.5,45.4,55.8
196912,27.9,66.4,32.8,53.4
197001,19.5,63.5,24.4,52.1
197002,27.9,64.9,32.2,54.6
197003,34.4,71.1,-99,56
197004,50.8,78.5,51.8,53.4
197005,63.4,79,63.8,60.2
197006,70.4,81.5,70.8,60.2
197007,72.6,83.3,77,62.6
197008,70.5,84.5,77.4,61.3
197009,66.6,81.9,70.4,65.2
197010,55,79.5,58.3,58.2
197011,42.2,70.1,47.5,55.6
197012,32.8,70.3,33.9,48.4
197101,22.1,67.9,26.2,48
197102,28.5,69.5,34.3,49.7
197103,32.2,69.2,39.6,51.8
197104,43.8,74,50.4,52.7
197105,57.2,80.1,61.1,56.1
197106,71.6,81.8,74.2,59.8
197107,70.1,83.4,77.7,60.4
197108,69.6,82.8,75.7,64.9
197109,68.3,81.5,71.4,65.9
197110,60.5,79.7,62.3,56.7
197111,42,74.3,44.4,52.9
197112,38.7,74.5,40.5,45.8
197201,28,73.2,34.6,45.4
197202,26.3,68.6,30.9,51.7
197203,35.4,72.2,39.4,55
197204,46.6,75.6,50,55.1
197205,59.3,78.4,63.3,57.3
197206,63.3,80.8,68,60.5
197207,72.1,81.8,77.3,64
197208,69.6,82.5,75.6,63.7
197209,64.4,81.3,69.4,62.3
197210,49.3,78.7,53.1,60.7
197211,39.9,73.8,43.6,52.9
197212,34.8,71.1,38.2,44.6
197301,30.6,70.4,35,47.7
197302,28.1,65.5,31.9,52.6
197303,46.8,74.6,46,51.1
197304,50.4,76.2,53.3,56.5
197305,57,80.4,59.5,58.4
197306,70.6,82.3,73.6,63.2
197307,72.8,82.7,77.5,61.8
197308,73.4,82.1,77.6,60.4
197309,66.5,82.7,69.4,63.2
197310,57.9,78.3,59.8,60.4
197311,44.9,76.6,47.6,53.6
197312,34.5,67.3,38.7,49.7
197401,32.2,74.4,34.7,48.3
197402,28,69.1,31.2,49.4
197403,39.8,75.6,41.7,53.1
197404,51.6,76.8,55.1,54.5
197405,56.6,80.7,60.9,55.9
197406,66.5,83,69.2,60.1
197407,72.4,83.5,77.3,62.8
197408,70.7,84.8,76.4,63.4
197409,60.1,84.9,66.5,62.2
197410,51.5,78.8,53.7,61.7
197411,43.1,73.3,47.5,53.5
197412,31.9,69.3,39.1,48.3
197501,32.1,72.8,36.8,47.1
197502,30.7,73.2,35.3,50.6
197503,34.8,73.4,39.8,51.1
197504,42,78.2,47.8,50.3
197505,62.5,80.2,65.8,58.1
197506,70,82.5,70.9,59.6
197507,71.5,82,76.2,61.5
197508,72.6,83.4,74.6,62.7
197509,58.9,82.9,64.2,61.1
197510,54,79.9,59.1,58.5
197511,47.2,72.7,51.8,51.9
197512,32.2,69.3,35.8,49
197601,21.9,64.8,27.1,48.2
197602,36.2,69,39.6,50.2
197603,45.3,75.8,44.3,50.7
197604,49.3,75.7,55.2,53
197605,55.5,79.3,60.5,58
197606,69.7,80.1,73.6,62.9
197607,71.8,84.1,75.2,62.2
197608,68.6,82.7,74.6,64
197609,61.3,82.3,66.7,62.9
197610,48.3,77.7,52.8,61.1
197611,33.9,72.2,41.2,56.7
197612,23.5,68.7,29.9,48.5
197701,10.6,60.8,21.8,46.7
197702,24.6,66.2,32.9,52.9
197703,42.3,75,46.1,50.6
197704,51,75.5,54.1,55.2
197705,61.4,77.8,64.8,55.5
197706,63,82.6,69.7,60.1
197707,72.7,84.6,77.6,62.2
197708,69.2,84.1,75.4,63.8
197709,65.2,83.9,68.3,63.2
197710,52.2,77.3,54.9,60.2
197711,45,74.5,47.2,55
197712,28.8,69.4,34.2,52
197801,19.7,64.1,27.9,52.2
197802,16.4,63.4,26.3,52.5
197803,32,69,38.9,56.7
197804,46.6,74.6,51.1,54.6
197805,59,80,60.3,60.1
197806,68.6,82.9,70.7,60.1
197807,71.8,83.4,74.4,61.1
197808,72.5,83.4,76.2,63
197809,68.9,82.8,65.8,65.5
197810,52.8,79.5,55.5,60.9
197811,43.8,76.1,47.2,52.2
197812,33.3,73.3,37.5,45.7
197901,21.6,65.1,31.9,47.2
197902,18.7,65,23.4,50
197903,42.5,69.3,44.9,54.2
197904,46.2,78.4,51.4,55.2
197905,56.5,81.4,63.7,60.1
197906,66.5,82.9,69.2,60.7
197907,70.7,84.1,76.1,63.5
197908,71.1,82.9,75.1,63.4
197909,64.6,81.6,68.3,67
197910,52.9,78.6,55.5,62.3
197911,42.9,75.8,49.9,53.8
197912,34.2,70.5,39,50.6
198001,26,67.7,32.4,50.2
198002,22.4,64.2,30.4,54.2
198003,34.1,73.2,39.6,52.7
198004,46.7,76,53.6,55.6
198005,59,79.8,65.2,56
198006,64.6,82.3,69.6,59.6
198007,72.8,83.5,78.4,62.7
198008,73.7,84.1,78.6,61.2
198009,65.3,82.2,70.3,62.9
198010,48.5,80.2,55.4,60.9
198011,39.9,74,43.2,55.3
198012,29,67,31.5,50.4
198101,20.6,59.2,25.4,50.8
198102,32,69.6,38.4,53.7
198103,36.5,70.2,41.4,52.9
198104,51.1,77.9,55.3,55.8
198105,56.2,79.8,63.9,58.7
198106,68.7,83.9,72.1,64.7
198107,71.9,85.1,77.6,61.4
198108,70.6,83.4,75.1,62.6
198109,63,81.3,66.7,62.4
198110,50.6,79.9,53.6,58.3
198111,43.1,71.6,46.8,56.1
198112,31.1,67.9,35.6,52
198201,20.4,68,25.2,44.8
198202,25.7,74.5,34.5,51.5
198203,37.6,74.8,41,51
198204,45.1,78,50.4,54.4
198205,65.4,77.3,63.2,57.1
198206,64.7,82.2,67.7,58.8
198207,74.1,84.5,77.1,61.4
198208,68.4,84.2,72.2,63.2
198209,63.2,82.8,67.4,63.8
198210,55.9,78,57.7,61.3
198211,46,75.1,49.5,51.9
198212,41,72.8,41.9,49.7
198301,31.2,67.3,33.6,47.9
198302,34.4,68.5,35.6,53.6
198303,41.3,68.6,43.1,53.4
198304,47.7,72.9,51.4,55
198305,56.2,79.3,59.3,58.7
198306,69.5,82.8,72.5,61.3
198307,75.7,86.1,78.7,64.1
198308,74.2,84.3,76.9,65.9
198309,65.6,82.6,70.9,67.3
198310,54,79.4,57,63.4
198311,44.4,73.5,48,54.5
198312,23.7,70.8,34.3,52.4
198401,21.2,68,29,50.3
198402,35,69.6,39.8,52
198403,29,71.5,35.8,56.1
198404,47.4,74.2,51,55
198405,54.5,78.1,60.8,60.9
198406,70.1,80.9,73.6,60.3
198407,69.3,82.9,73.8,64.7
198408,71.1,83.6,75.8,63.5
198409,61.6,81.1,65.1,68.8
198410,56.8,79.2,60.9,59.4
198411,41.4,72.6,46.4,52.9
198412,37,72.1,42.9,46.8
198501,21.3,63.1,28,45.4
198502,25.8,69.5,35.7,50.6
198503,40.8,73.6,44.9,50.4
198504,54.2,75.2,54.6,58
198505,60.9,80.2,65.2,57.6
198506,63.2,83.4,68.3,64.3
198507,71.7,82.1,76.1,64.3
198508,69.4,83.5,75,63
198509,65.5,81.7,69.7,62.3
198510,54.5,81.5,58.6,60.4
198511,46.6,76.6,49.8,51.5
198512,24.8,67,33.5,47.6
198601,27.2,66.2,33.4,53.9
198602,29.3,70.4,31.8,55.6
198603,40,69.7,43.7,57.1
198604,50.3,72.7,53.2,56.7
198605,61.3,78.5,65.7,58.5
198606,67.8,82.3,71.2,62.7
198607,73.7,83.7,75.7,62.7
198608,69.5,83.4,72.8,62
198609,67.6,83.4,67.5,60.6
198610,54.9,80.4,57.7,61
198611,40.8,79.3,45.4,56.6
198612,33.1,73.4,38.7,49.8
198701,28,67.2,32,48.8
198702,31,72,32.9,52.8
198703,39.6,71.8,44.8,54.3
198704,49.6,70.9,53.1,58.7
198705,63.5,78.5,63.3,61
198706,70.7,84,72.5,61.9
198707,75.7,84.1,77.6,62.5
198708,71.3,85.3,73.9,64.5
198709,64.1,83.5,67.4,63.4
198710,48.1,77.5,53.5,63.4
198711,46.6,75.1,47.4,56.4
198712,35.3,69.7,39.2,49.9
198801,26,67.7,29.2,50
198802,26.1,67.6,34.6,54
198803,37.8,70.6,43.3,55.9
198804,48.2,76,50.8,57.6
198805,60,77.8,62.3,58.9
198806,69.1,81.8,71.5,61.9
198807,76.2,83,79,64.3
198808,74.5,83.4,78.5,64.4
198809,64.3,83.8,67.1,62.6
198810,47.4,78.9,52.4,60.9
198811,44.1,76.7,49.1,56
198812,31.6,70.4,35.6,49.9
198901,35.3,72.5,37.1,47.8
198902,26.4,70.6,34.2,47.9
198903,38.4,73.5,42.1,54.4
198904,45.5,76.9,51.8,60.2
198905,57.8,80.9,61.8,59.3
198906,68.6,82.5,71.7,62.2
198907,73.7,83.2,74.6,62.3
198908,71.3,84.1,73.7,63.4
198909,64.2,83.9,67.8,60.9
198910,54.2,78.8,57.8,60.3
198911,41.3,76,45.4,55.9
198912,19.5,64.8,25.5,49.5
199001,36.1,73.4,41,49.4
199002,34.4,73.8,39.4,48.6
199003,42.3,73.5,44.8,52.7
199004,49.7,75.1,53.2,58
199005,56.6,80.1,59.9,58.5
199006,67.9,82.8,71.8,61.8
199007,71.5,83.3,76.4,63.9
199008,70.1,83.5,74.9,65.7
199009,63.7,83,67.2,65.8
199010,54,80.3,61.6,62.6
199011,45.6,74.2,50,55.5
199012,35.9,72.7,42.3,45.9
199101,27.6,72.7,34.6,49.6
199102,33.1,69.5,39.6,54.7
199103,41,73.7,44.3,51.7
199104,52.9,78.2,55.3,55.2
199105,67.2,81.4,68.4,56.3
199106,71.4,82.8,73.7,58.9
199107,75,83.4,77.4,63.1
199108,72.9,84.4,76.8,63.8
199109,64.8,82.3,67.1,62.4
199110,56,78.8,58.1,62.2
199111,40.5,72.9,48,56.9
199112,35.1,72,39.3,50.3
199201,30.5,67.3,35.4,48.4
199202,33,70.3,36,55.5
199203,36.9,71.7,39.7,56.9
199204,48.2,73.9,50.2,60.1
199205,58.2,77.6,60.7,62.9
199206,64.4,81.4,69.9,63
199207,71,84.4,73.8,65.3
199208,67.9,83.9,72.6,63.2
199209,63.6,82.7,66.9,64.7
199210,50.2,79,54.2,64.8
199211,42.3,76.3,46.2,56.3
199212,34.4,71.1,37.5,49.2
199301,32.6,72.7,36,48.7
199302,25.9,68.4,30.5,52
199303,33.9,71,39.3,56.9
199304,47.9,73.5,53,57.5
199305,59.4,78.7,65.3,61.6
199306,68.2,82.8,72.9,64.3
199307,75.3,84,79.8,64.3
199308,73.4,84.3,76.9,66.4
199309,62.5,82.5,67,63
199310,51.6,80.3,55.6,63.4
199311,42,75.4,48.5,56.3
199312,30.8,68.4,37,50
199401,19.5,68.8,25.2,51.4
199402,26.7,72.8,30.3,50.5
199403,36.7,73.5,40.3,55.9
199404,50.8,78.9,55.3,56.2
199405,55,80.8,61.4,58.1
199406,70,83.5,74.9,61.5
199407,73.6,83,79.1,60.5
199408,69.6,82.8,73.7,64.1
199409,64.2,81.9,67.3,63.3
199410,54.7,79.5,57.7,60.5
199411,48.1,77.5,51.6,50.2
199412,37.2,72.3,41.8,47.9
199501,30.4,67.9,37.2,54.3
199502,27.3,67.7,31.3,55.2
199503,40.3,74,44.7,54.1
199504,46.9,77.3,51.6,55.7
199505,59.6,82.8,61.6,57.3
199506,71.8,82.6,71.5,61.4
199507,75.8,83.8,78.4,65.7
199508,78,83.9,77.3,64.7
199509,63.6,83.3,67.7,63.9
199510,56.6,81.2,61.3,62.4
199511,38.8,73.2,44.1,59
199512,27,68,32.9,54.5
199601,26.8,67.7,31,51.4
199602,28.6,66.6,34.3,55.1
199603,31.8,69.5,39.4,56.5
199604,47.2,75.6,52.7,59.4
199605,57.6,81.2,61.6,60.7
199606,70.2,81.5,71.9,62.4
199607,70.6,84.8,73.8,63.9
199608,71.8,83.5,74.9,64.6
199609,64.9,83.5,68.4,62.9
199610,55,78.8,56.8,60.8
199611,37.2,74.6,43.4,56.2
199612,35.6,70.6,41.7,53.9
199701,26.6,68.6,32.6,50.8
199702,35.3,74.6,40.5,53.4
199703,39.7,76.7,42.3,56
199704,46.1,76,52.1,58.1
199705,53.8,80.9,59.8,64.3
199706,69.1,82.5,71.4,62.3
199707,71.5,84.4,76.2,63.9
199708,68.4,84.7,73.8,66.9
199709,63.5,81.9,67.4,68.2
199710,54,78.9,57.2,61.7
199711,39.9,74.5,44.9,57.6
199712,34.3,69.2,38.7,51
199801,36.1,70.4,40.5,52.8
199802,38.5,69.6,41.1,52.2
199803,42,69.9,45.9,54.9
199804,50.2,76.3,54.4,55.7
199805,65.3,81,64.8,57.7
199806,69.4,85.7,69.6,61.5
199807,72.3,85.2,76.9,62.8
199808,73,85.2,77.1,64.2
199809,67.9,83.6,70.7,64.3
199810,54.4,81.1,58,60.2
199811,45.8,76.6,48.6,54.1
199812,37.9,73.8,43.6,46.9
199901,28,70.3,34.4,49.2
199902,35.6,69.9,39.3,50.3
199903,35.2,70.8,43,50.9
199904,51.2,78.1,54,54.5
199905,61.9,79,63.5,55.4
199906,71.1,81.2,73.6,59.5
199907,77.1,84.3,81.8,61.8
199908,70,83.9,76,63.7
199909,65.9,82.3,69.5,63.5
199910,53.3,79.5,56.5,62.5
199911,46.7,74.6,51.2,57
199912,34.7,70.4,40.4,51
200001,27.5,68.9,31.7,52.3
200002,35.2,69.8,37.8,53.4
200003,44.1,75.3,47.7,54.3
200004,47.9,75.5,51.5,58.1
200005,62.4,80.6,64,60.2
200006,69.5,82.4,71.8,62.8
200007,69,84.1,72.8,61.3
200008,69.8,83.8,72.9,63.5
200009,64,83.3,66.4,66.1
200010,55.7,78.4,57.4,59.9
200011,40.7,73.8,45.7,52.5
200012,23.2,69.2,31.6,51.5
200101,28.6,63.6,34.1,48.7
200102,33,74.5,36.4,50.9
200103,34.9,73.8,40.1,55.6
200104,52.3,76.3,54.4,53.5
200105,60.9,78,64.1,62.5
200106,68.9,83,73.4,62.5
200107,72.8,82.9,73.6,62.6
200108,73.5,84.7,79.2,63
200109,62.3,81.9,68.1,62.8
200110,55.3,79.4,59,62.3
200111,49.7,74.6,53.2,57.2
200112,38,73.7,44.5,51.6
200201,35.5,69.9,40.4,48.9
200202,34.9,70.6,41.1,53.2
200203,38.3,75.5,44.6,53.7
200204,51.4,79.1,56.6,56.7
200205,56.5,81.2,61.1,57.9
200206,71.3,81,71.9,61.3
200207,76.4,83.6,79.2,63.8
200208,74.5,83.6,78.2,64.3
200209,69.6,83.6,70.7,64.7
200210,52.7,81.2,55.7,61.2
200211,42.2,73.5,46.5,57.4
200212,31.6,70.2,36.5,52.5
200301,22.1,63.2,28,53.8
200302,25.4,72.6,30.6,52.1
200303,39.6,79.1,43.6,55.8
200304,49.8,75.2,50.3,54.2
200305,58.7,81.8,59.2,58.8
200306,67.8,82.7,68.8,62.7
200307,73.4,84.8,76.2,62.9
200308,74.1,83.5,77.2,66.3
200309,64.6,82.6,68.4,66.8
200310,52.2,81,55.6,63.1
200311,48.7,76.3,50.5,53.8
200312,34.5,67.4,38.1,51.9
200401,22.6,67.1,25.2,50.2
200402,30.6,71.1,35.5,52.1
200403,41.3,73.1,44,59.3
200404,49.9,74.2,54,59.3
200405,63,80,65.7,60.3
200406,67.6,84.3,71.7,61.6
200407,72.3,84.7,75,64.7
200408,69,84.2,74.7,66.5
200409,66.7,82.9,69.8,67.2
200410,54.5,79.6,56.4,60.7
200411,45.4,75.5,48.6,55.2
200412,31.9,69.1,38.8,52.1
200501,28.3,68.3,31.8,49.6
200502,31.8,68.9,37,54.9
200503,33.5,71.6,39.9,57.2
200504,49.6,73.9,55.6,56.7
200505,56.1,79.5,59.4,61.4
200506,74.6,81.6,74.5,61.8
200507,76.1,85.5,78,64.5
200508,74.9,85.6,80.1,63.6
200509,68,83.5,73.8,62.5
200510,55.3,79.7,58.4,61.4
200511,45.6,75.8,50.1,57.4
200512,28.3,69.1,35.7,53.2
200601,39.5,69.4,41.4,51.7
200602,31.4,67.7,36.2,53
200603,38.6,72.2,43.6,51.2
200604,52.4,78,56.1,55.7
200605,59.7,79.3,63.6,59.9
200606,67,82.8,71.5,63.4
200607,75.1,83.2,78.4,65.9
200608,73.4,84.1,76.2,63.6
200609,63.1,82.8,67,62.5
200610,51,79.6,56.7,60.6
200611,45.8,72.9,52.4,55.7
200612,39.3,74.8,44.1,50.5
200701,32,72.8,37.9,48.2
200702,19.7,69.1,28.7,52.5
200703,41,74.4,42.7,56.1
200704,47.4,75.2,50.8,56.2
200705,62.9,78.8,65.7,58.9
200706,70.6,81.4,71.8,61.5
200707,71.8,84.5,75.5,64.3
200708,73.7,85,74.5,64.5
200709,67.6,83.1,70.7,64.4
200710,61.1,82.5,64.1,60
200711,42.3,74.6,45.9,55.9
200712,33.5,74.5,37.4,49.6
200801,31,70,37,48.5
200802,28.1,74,36.2,51.8
200803,34.5,74.2,43.1,53.8
200804,52.8,76.5,55.4,55.5
200805,56.8,81.1,60.5,58.9
200806,71.4,83,74.5,61.6
200807,74.1,82.6,78.9,62.9
200808,71.6,83.6,74.3,64.5
200809,66.7,83.2,69.3,65.1
200810,52.1,77.9,55.6,63.3
200811,40.8,71.4,46.3,57.9
200812,31.5,71.4,38.6,49
200901,20,67.2,28.4,51.5
200902,31.1,67.7,37.2,52.2
200903,40.2,72.4,42.9,53.9
200904,51.2,76.7,55,56.5
200905,60.6,80.2,63,59.5
200906,68.6,83.1,67.9,63
200907,70.5,84.6,73.1,62.4
200908,73,85.1,76.2,65.8
200909,65.2,83.6,66.8,66.3
200910,51.5,82.1,55.4,61.9
200911,48.1,75.4,51.6,56.7
200912,31.8,72.6,36.4,49.3
201001,26.9,63.8,33,51.4
201002,27.1,64.3,33.6,54.1
201003,41.5,67.4,48.7,54.2
201004,56.5,76,58.3,53.9
201005,65.4,82.1,65.8,56.8
201006,72.9,85.5,75.1,62
201007,76.3,84.9,81.8,61.4
201008,75.4,85.1,77.9,62.6
201009,66.8,83.5,71.5,64.9
201010,54.9,79.6,58.6,61.5
201011,43.8,73.8,48.4,55.4
201012,26.9,61.4,33.2,52.2
201101,23.7,67.1,30.2,50.6
201102,29.6,72,36.5,50.7
201103,36.9,74,42.8,53.8
201104,50.6,80.1,54.8,55.7
201105,62.3,81.6,65,57
201106,70.5,84.1,72.8,60.7
201107,78.1,84.7,80.7,62.9
201108,72.7,84.6,75.7,62.3
201109,66.1,83.8,70.5,64.8
201110,54.3,78.5,57.6,63.2
201111,48.5,75.3,52.4,54
201112,38,73.2,43.8,49.4
201201,33,68.6,37.8,50.7
201202,35.4,72.8,41.3,52.4
201203,52,75.3,51.4,53.4
201204,49.4,75.9,55.2,57.1
201205,65.6,79.8,65.6,58.6
201206,71.9,82.6,71.5,61.6
201207,78.5,83.4,79.2,62.6
201208,72.7,83.8,77.2,61.8
201209,63.4,82.7,69.3,60.8
201210,53.6,79.4,58.5,63.5
201211,40.9,71.4,44.3,58.3
201212,38.4,71.9,41.9,52
201301,31,73.2,35.6,48.8
201302,28.4,71.7,34.4,51
201303,34.3,68,40.6,54.8
201304,49.5,78,53.5,58.6
201305,63.9,78.9,63.2,60.6
201306,69.4,83,73.1,62.9
201307,74.5,82.4,80.3,63
201308,71.6,83.9,74.6,64.6
201309,65.5,82.8,67.9,65.7
201310,56.2,80.6,60.2,60.1
201311,40.7,77,45.3,57.2
201312,32.6,75.1,38.6,49.9
201401,22.4,67.9,28.7,54.7
201402,23.3,74.2,31.7,54.5
201403,32.9,73.7,37.7,58.2
201404,51.4,77.5,52.3,58.3
201405,61.4,80.7,64,62.5
201406,70.7,81.5,72.5,62.9
201407,69.8,83.9,76.2,65.5
201408,71,84.9,74.5,65.4
201409,63.5,82.5,69.7,65.8
201410,54,79.8,59.6,65.4
201411,37.7,72.6,45.3,58.5
201412,36.1,71.3,40.6,56.3
201501,23.7,70.8,30,53.4
201502,15,68.4,24.1,58
201503,34.5,76.7,38.1,59.7
201504,50.3,80.3,54.3,57.8
201505,64.7,80.9,68.5,58.7
201506,69.2,83.6,71.2,62.9
201507,71.9,84.6,78.8,66.8
201508,71.2,84.7,79,68.2
201509,69.4,83.3,74.4,67.2
201510,55.1,80.5,58.1,65.7
201511,48.8,78.4,52.8,54.4
201512,44.5,77.2,50.8,50.6
201601,28.7,67.4,34.5,52.8
201602,32.9,68.5,37.8,57.1
201603,45.4,76.5,48.9,57.9
201604,48.1,77.1,53.3,60.4
201605,59.9,80,62.8,61.2
201606,71.3,83.5,72.2,63.5
201607,76.1,84.7,78.7,63.1
201608,77.2,83.8,79.2,63.9
201609,69.9,83.6,71.8,64.9
201610,58.6,80.1,58.8,63.5
201611,48.1,75.1,49.8,58.4
201612,31.8,76.5,38.4,50.8
201701,34.2,70.8,38.1,50.7
201702,40.7,73.7,41.7,54.6
201703,38.7,73.8,39.2,57.1
201704,56.7,77.8,57.1,58.6
201705,59.7,81.4,61.1,61.1
201706,71.6,83.1,72,63.3
201707,74.5,85,76.8,64.4
201708,71.9,84.9,74,66
201709,68.4,83.7,70.5,69.9
201710,58.7,79.8,64.1,64.3
201711,43.1,76.5,46.7,58.2
201712,28.2,71,35.1,52
201801,26.4,67.5,31.8,53.6
201802,35.4,76.6,42.1,55
201803,33.8,71.5,40.2,55.3
201804,43.1,77.8,49.5,58.4
201805,66.3,79.8,66.9,60.7
201806,70.6,83.5,71.7,63
201807,74.9,84.8,77.6,-99
201808,74.9,84,78.1,63.4
201809,70.1,83.8,70.7,62.7
201810,54.7,81.6,57.7,63.2
201811,37.5,77.4,44.4,57.4
201812,36.4,72.2,40.2,53
201901,27.3,68.4,32.6,55
201902,32.3,75.7,36.3,50
201903,35.3,74.8,41.8,54.5
201904,51.6,78.1,55.5,58.9
201905,60.9,82.2,62.2,58.6
201906,68.4,84.8,71.7,65.2
201907,76.6,85.1,79.6,64.8
201908,72.4,84.6,75.5,68.4
201909,70.6,85.2,70.4,68.1
201910,57.3,83.5,59.9,64.1
201911,38.3,76,43.9,56.4
201912,37.4,73.5,38.4,53.5
202001,35.7,71.5,39.2,52.1
202002,32.4,73.1,40.2,55.3
202003,44.2,77.2,48,54.9
202004,46.7,81.9,50.3,57.8
202005,58.7,79.4,60.3,62.5
202006,70.8,84.4,73.7,64.6
202007,77.6,85.9,80,63.8
202008,73.3,85.3,76.9,67
202009,65.7,83.8,68.8,68.6
202010,54.3,82.2,57.9,66.7
202011,48.1,77.4,53,55.5
202012,35.3,69.4,39.3,52.6
202101,31.9,68.6,34.8,52.8
202102,24.5,74.4,34.2,53.5
202103,45.1,74.5,45.9,53.1
202104,51.8,77.4,54.6,57.4
202105,58.9,81.2,62.9,60.3
202106,72.8,82.7,74.3,63.5
202107,73.8,83.7,76,63.6
202108,75.6,84.8,77.6,65.7
202109,68.1,83.1,70.3,66.2
202110,61.6,81.2,62,62.7
202111,41.8,73.1,46.3,58.6
202112,40.5,74.5,43.8,50.2
202201,23.8,68.7,30.3,52.6
202202,30.5,73.5,37.3,54.6